IndicatorCode,Indicator,ValueType,ParentLocationCode,ParentLocation,Location type,SpatialDimValueCode,Location,Period type,Period,IsLatestYear,Dim1 type,Dim1,Dim1ValueCode,Dim2 type,Dim2,Dim2ValueCode,Dim3 type,Dim3,Dim3ValueCode,DataSourceDimValueCode,DataSource,FactValueNumericPrefix,FactValueNumeric,FactValueUoM,FactValueNumericLowPrefix,FactValueNumericLow,FactValueNumericHighPrefix,FactValueNumericHigh,Value,FactValueTranslationID,FactComments,Language,DateModified
CaseCS,Congenital syphilis number of reported cases,numeric,AMR,Americas,Country,PER,Peru,,,false,,,,,,,,,,GARPR,GARPR,,344,,,,,,344,,"Reported cases Source: General Directorate of Epidemiology.  Spanish translation: Casos notificados, Fuente: Direccion General de Epidemiologia",EN,2022-08-17T04:00:00.000Z
CaseCS,Congenital syphilis number of reported cases,numeric,EUR,Europe,Country,ALB,Albania,Year,2019,true,,,,,,,,,,,,,0,,,,,,0,,GARPR.,EN,2022-08-17T04:00:00.000Z
CaseCS,Congenital syphilis number of reported cases,numeric,AMR,Americas,Country,ATG,Antigua and Barbuda,Year,2019,true,,,,,,,,,,,,,0,,,,,,0,,GARPR.,EN,2022-08-17T04:00:00.000Z
CaseCS,Congenital syphilis number of reported cases,numeric,EUR,Europe,Country,ARM,Armenia,Year,2019,true,,,,,,,,,,,,,0,,,,,,0,,GARPR.,EN,2022-08-17T04:00:00.000Z
CaseCS,Congenital syphilis number of reported cases,numeric,EUR,Europe,Country,BLR,Belarus,Year,2019,true,,,,,,,,,,,,,0,,,,,,0,,GARPR.,EN,2022-08-17T04:00:00.000Z
CaseCS,Congenital syphilis number of reported cases,numeric,AMR,Americas,Country,DMA,Dominica,Year,2019,true,,,,,,,,,,,,,0,,,,,,0,,GARPR.  ANC REGISTYRY and ppublic hospital records,EN,2022-08-17T04:00:00.000Z
CaseCS,Congenital syphilis number of reported cases,numeric,AFR,Africa,Country,MUS,Mauritius,Year,2019,true,,,,,,,,,,,,,0,,,,,,0,,GARPR.,EN,2022-08-17T04:00:00.000Z
CaseCS,Congenital syphilis number of reported cases,numeric,EUR,Europe,Country,MNE,Montenegro,Year,2019,true,,,,,,,,,,,,,0,,,,,,0,,GARPR.,EN,2022-08-17T04:00:00.000Z
CaseCS,Congenital syphilis number of reported cases,numeric,EMR,Eastern Mediterranean,Country,OMN,Oman,Year,2019,true,,,,,,,,,,,,,0,,,,,,0,,GARPR.,EN,2022-08-17T04:00:00.000Z
CaseCS,Congenital syphilis number of reported cases,numeric,AMR,Americas,Country,KNA,Saint Kitts and Nevis,Year,2019,true,,,,,,,,,,,,,0,,,,,,0,,GARPR.,EN,2022-08-17T04:00:00.000Z
CaseCS,Congenital syphilis number of reported cases,numeric,AFR,Africa,Country,SYC,Seychelles,Year,2019,true,,,,,,,,,,,,,0,,,,,,0,,GARPR.,EN,2022-08-17T04:00:00.000Z
CaseCS,Congenital syphilis number of reported cases,numeric,EUR,Europe,Country,TJK,Tajikistan,Year,2019,true,,,,,,,,,,,,,0,,,,,,0,,GARPR.,EN,2022-08-17T04:00:00.000Z
CaseCS,Congenital syphilis number of reported cases,numeric,AMR,Americas,Country,CUB,Cuba,Year,2019,true,,,,,,,,,,,,,1,,,,,,1,,GARPR.,EN,2022-08-17T04:00:00.000Z
CaseCS,Congenital syphilis number of reported cases,numeric,AMR,Americas,Country,LCA,Saint Lucia,Year,2019,true,,,,,,,,,,,,,1,,,,,,1,,GARPR.,EN,2022-08-17T04:00:00.000Z
CaseCS,Congenital syphilis number of reported cases,numeric,WPR,Western Pacific,Country,WSM,Samoa,Year,2019,true,,,,,,,,,,,,,1,,,,,,1,,GARPR.,EN,2022-08-17T04:00:00.000Z
CaseCS,Congenital syphilis number of reported cases,numeric,EUR,Europe,Country,UKR,Ukraine,Year,2019,true,,,,,,,,,,,,,1,,,,,,1,,"GARPR.  Numerator:  1) annual reporting form ?34 on the patient cohort for diseases that are mainly transmitted through sexual contacts, fungous skin diseases and scab for 2019 (order of the Ministry of Health of Ukraine dated 03.05.1999 ? 102);  2) reporting Form ? 9 on diseases that are mainly transmitted through sexual contacts, fungous skin diseases and scab for 20_ year, annual. Order of the Ministry of Health of Ukraine dated  07.04.2006 ? 203 in coordination with the State Statistics Committee of Ukraine. Denumerator:  Reporting form ?21 Report on medical care for pregnant women",EN,2022-08-17T04:00:00.000Z
CaseCS,Congenital syphilis number of reported cases,numeric,AMR,Americas,Country,COL,Colombia,Year,2019,true,,,,,,,,,,,,,1001,,,,,,1001,,GARPR.  SISTEMA DE VIGILANCIA EPIDEMIOLOGICA INSTITUTO NACIONAL DE SALUD Para el denominador se toma el registro de nacidos vivos mas mortinatos del DANE con corte a noviembre 2018,EN,2022-08-17T04:00:00.000Z
CaseCS,Congenital syphilis number of reported cases,numeric,AFR,Africa,Country,ZWE,Zimbabwe,Year,2019,true,,,,,,,,,,,,,134,,,,,,134,,GARPR.  Congenital Syphilis  prediction  Tool 2020,EN,2022-08-17T04:00:00.000Z
CaseCS,Congenital syphilis number of reported cases,numeric,AMR,Americas,Country,CAN,Canada,Year,2019,true,,,,,,,,,,,,,17,,,,,,17,,GARPR.  N/A,EN,2022-08-17T04:00:00.000Z
CaseCS,Congenital syphilis number of reported cases,numeric,AFR,Africa,Country,BFA,Burkina Faso,Year,2019,true,,,,,,,,,,,,,18,,,,,,18,,"GARPR.  EnDos-BF(Entrep�t de donn�es sanitaire du Burkina Faso); donn�es de Janvier, F�vrier, Mars, Avril, Mai, Novembre, d�cembre 2019",EN,2022-08-17T04:00:00.000Z
CaseCS,Congenital syphilis number of reported cases,numeric,AFR,Africa,Country,TGO,Togo,Year,2019,true,,,,,,,,,,,,,18,,,,,,18,,GARPR.,EN,2022-08-17T04:00:00.000Z
CaseCS,Congenital syphilis number of reported cases,numeric,AMR,Americas,Country,HND,Honduras,Year,2019,true,,,,,,,,,,,,,193,,,,,,193,,GARPR.  Numerador: Datos recolectados de los laboratorios de ITS a nivel nacional y de la notificaci�n de casos de s�filis cong�nita en el sistema de vigilancia de la salud.  Denominador: La fuente es el departamento de estad�stica de la secretar�a de salud,EN,2022-08-17T04:00:00.000Z
CaseCS,Congenital syphilis number of reported cases,numeric,EUR,Europe,Country,KGZ,Kyrgyzstan,Year,2019,true,,,,,,,,,,,,,2,,,,,,2,,GARPR.,EN,2022-08-17T04:00:00.000Z
CaseCS,Congenital syphilis number of reported cases,numeric,EMR,Eastern Mediterranean,Country,ARE,United Arab Emirates,Year,2019,true,,,,,,,,,,,,,2,,,,,,2,,GARPR.  NAP records,EN,2022-08-17T04:00:00.000Z
CaseCS,Congenital syphilis number of reported cases,numeric,AFR,Africa,Country,SLE,Sierra Leone,Year,2019,true,,,,,,,,,,,,,2194,,,,,,2194,,GARPR.,EN,2022-08-17T04:00:00.000Z
CaseCS,Congenital syphilis number of reported cases,numeric,AMR,Americas,Country,BOL,Bolivia (Plurinational State of),Year,2019,true,,,,,,,,,,,,,236,,,,,,236,,GARPR.,EN,2022-08-17T04:00:00.000Z
CaseCS,Congenital syphilis number of reported cases,numeric,AMR,Americas,Country,ECU,Ecuador,Year,2019,true,,,,,,,,,,,,,238,,,,,,238,,GARPR.,EN,2022-08-17T04:00:00.000Z
CaseCS,Congenital syphilis number of reported cases,numeric,WPR,Western Pacific,Country,MYS,Malaysia,Year,2019,true,,,,,,,,,,,,,24,,,,,,24,,GARPR.,EN,2022-08-17T04:00:00.000Z
CaseCS,Congenital syphilis number of reported cases,numeric,AMR,Americas,Country,BRA,Brazil,Year,2019,true,,,,,,,,,,,,,26219,,,,,,26 219,,GARPR.,EN,2022-08-17T04:00:00.000Z
CaseCS,Congenital syphilis number of reported cases,numeric,AMR,Americas,Country,NIC,Nicaragua,Year,2019,true,,,,,,,,,,,,,28,,,,,,28,,GARPR.  registro de casos de s�filis en embarazadas,EN,2022-08-17T04:00:00.000Z
CaseCS,Congenital syphilis number of reported cases,numeric,EUR,Europe,Country,MDA,Republic of Moldova,Year,2019,true,,,,,,,,,,,,,3,,,,,,3,,GARPR.,EN,2022-08-17T04:00:00.000Z
CaseCS,Congenital syphilis number of reported cases,numeric,AMR,Americas,Country,PER,Peru,Year,2019,true,,,,,,,,,,,,,340,,,,,,340,,GARPR.  CENTRO NACIONAL DE EPIDEMIOLOGIA - MINSA,EN,2022-08-17T04:00:00.000Z
CaseCS,Congenital syphilis number of reported cases,numeric,AMR,Americas,Country,DOM,Dominican Republic,Year,2019,true,,,,,,,,,,,,,388,,,,,,388,,"GARPR.  numerador: Base de Datos del Programa Nacional de VIH, PNRTV. Denominador: Estimaciones Oficina Nacional de Estad�stica de Nacimiento ocurridos por ano.",EN,2022-08-17T04:00:00.000Z
CaseCS,Congenital syphilis number of reported cases,numeric,AMR,Americas,Country,CHL,Chile,Year,2019,true,,,,,,,,,,,,,40,,,,,,40,,"GARPR.  Adem�s de la notificaci�n de casos del sistema nacional de vigilancia epidemiol�gica, se utiliza el reporte de mortinatos atribuido a s�filis que realizan los Comit�s Regionales para la eliminaci�n de la Transmisi�n Vertical del VIH y la S�filis.",EN,2022-08-17T04:00:00.000Z
CaseCS,Congenital syphilis number of reported cases,numeric,AMR,Americas,Country,MEX,Mexico,Year,2019,true,,,,,,,,,,,,,469,,,,,,469,,GARPR.,EN,2022-08-17T04:00:00.000Z
CaseCS,Congenital syphilis number of reported cases,numeric,AMR,Americas,Country,PAN,Panama,Year,2019,true,,,,,,,,,,,,,486,,,,,,486,,GARPR.,EN,2022-08-17T04:00:00.000Z
CaseCS,Congenital syphilis number of reported cases,numeric,SEAR,South-East Asia,Country,THA,Thailand,Year,2019,true,,,,,,,,,,,,,509,,,,,,509,,GARPR.  R 506 from BOE and civil registration from MoI,EN,2022-08-17T04:00:00.000Z
CaseCS,Congenital syphilis number of reported cases,numeric,AMR,Americas,Country,PRY,Paraguay,Year,2019,true,,,,,,,,,,,,,541,,,,,,541,,GARPR.,EN,2022-08-17T04:00:00.000Z
CaseCS,Congenital syphilis number of reported cases,numeric,AMR,Americas,Country,URY,Uruguay,Year,2019,true,,,,,,,,,,,,,55,,,,,,55,,"GARPR.  Se triangula informaci�n provista por diferentes fuentes de datos (Sistema Inform�tico Perinatal; Certificado de Nacido Vivo; Servicios de atenci�n prenatal; laboratorios) para obtener el registro de pruebas de screening de s�filis reactivas en mujeres que tienen parto en el a�o calendario, con nacidos vivos, abortos y mortinatos. Se realiza una auditor�a caso a caso a partir de datos relevados de registros cl�nicos y laboratorio. Se aplican definiciones de OPS",EN,2022-08-17T04:00:00.000Z
CaseCS,Congenital syphilis number of reported cases,numeric,AMR,Americas,Country,CRI,Costa Rica,Year,2019,true,,,,,,,,,,,,,63,,,,,,63,,GARPR.  CCSS,EN,2022-08-17T04:00:00.000Z
CaseCS,Congenital syphilis number of reported cases,numeric,WPR,Western Pacific,Country,MNG,Mongolia,Year,2019,true,,,,,,,,,,,,,66,,,,,,66,,"GARPR.  Congenital syphilis surveillance of AIDS/STI Surveillance and Research Department ,NCCD",EN,2022-08-17T04:00:00.000Z
CaseCS,Congenital syphilis number of reported cases,numeric,EUR,Europe,Country,GEO,Georgia,Year,2019,true,,,,,,,,,,,,,7,,,,,,7,,GARPR.,EN,2022-08-17T04:00:00.000Z
CaseCS,Congenital syphilis number of reported cases,numeric,AMR,Americas,Country,JAM,Jamaica,Year,2019,true,,,,,,,,,,,,,7,,,,,,7,,GARPR.,EN,2022-08-17T04:00:00.000Z
CaseCS,Congenital syphilis number of reported cases,numeric,EUR,Europe,Country,KAZ,Kazakhstan,Year,2019,true,,,,,,,,,,,,,7,,,,,,7,,GARPR.,EN,2022-08-17T04:00:00.000Z
CaseCS,Congenital syphilis number of reported cases,numeric,SEAR,South-East Asia,Country,LKA,Sri Lanka,Year,2019,true,,,,,,,,,,,,,7,,,,,,7,,GARPR.,EN,2022-08-17T04:00:00.000Z
CaseCS,Congenital syphilis number of reported cases,numeric,AFR,Africa,Country,COD,Democratic Republic of the Congo,Year,2019,true,,,,,,,,,,,,,717,,,,,,717,,GARPR.  Rapport de routine,EN,2022-08-17T04:00:00.000Z
CaseCS,Congenital syphilis number of reported cases,numeric,AMR,Americas,Country,SLV,El Salvador,Year,2019,true,,,,,,,,,,,,,8,,,,,,8,,GARPR.  Datos proporcionados por la Unidad de la Mujer de Ministerio de Salud.,EN,2022-08-17T04:00:00.000Z
CaseCS,Congenital syphilis number of reported cases,numeric,EMR,Eastern Mediterranean,Country,QAT,Qatar,Year,2019,true,,,,,,,,,,,,,8,,,,,,8,,GARPR.,EN,2022-08-17T04:00:00.000Z
CaseCS,Congenital syphilis number of reported cases,numeric,EMR,Eastern Mediterranean,Country,MAR,Morocco,Year,2019,true,,,,,,,,,,,,,84,,,,,,84,,GARPR.  Donn�es des programmes,EN,2022-08-17T04:00:00.000Z
CaseCS,Congenital syphilis number of reported cases,numeric,AMR,Americas,Country,VEN,Venezuela (Bolivarian Republic of),Year,2019,true,,,,,,,,,,,,,85,,,,,,85,,GARPR.,EN,2022-08-17T04:00:00.000Z
CaseCS,Congenital syphilis number of reported cases,numeric,AMR,Americas,Country,GTM,Guatemala,Year,2019,true,,,,,,,,,,,,,95,,,,,,95,,GARPR.  Datos rutinarios de sistemas sanitarios.,EN,2022-08-17T04:00:00.000Z
CaseCS,Congenital syphilis number of reported cases,numeric,EUR,Europe,Country,ALB,Albania,Year,2018,false,,,,,,,,,,,,,0,,,,,,0,,GARPR,EN,2022-08-17T04:00:00.000Z
CaseCS,Congenital syphilis number of reported cases,numeric,AMR,Americas,Country,ATG,Antigua and Barbuda,Year,2018,false,,,,,,,,,,,,,0,,,,,,0,,GARPR,EN,2022-08-17T04:00:00.000Z
CaseCS,Congenital syphilis number of reported cases,numeric,EUR,Europe,Country,ARM,Armenia,Year,2018,false,,,,,,,,,,,,,0,,,,,,0,,GARPR,EN,2022-08-17T04:00:00.000Z
CaseCS,Congenital syphilis number of reported cases,numeric,EMR,Eastern Mediterranean,Country,BHR,Bahrain,Year,2018,true,,,,,,,,,,,,,0,,,,,,0,,GARPR,EN,2022-08-17T04:00:00.000Z
CaseCS,Congenital syphilis number of reported cases,numeric,EUR,Europe,Country,BLR,Belarus,Year,2018,false,,,,,,,,,,,,,0,,,,,,0,,GARPR,EN,2022-08-17T04:00:00.000Z
CaseCS,Congenital syphilis number of reported cases,numeric,AMR,Americas,Country,DMA,Dominica,Year,2018,false,,,,,,,,,,,,,0,,,,,,0,,GARPR,EN,2022-08-17T04:00:00.000Z
CaseCS,Congenital syphilis number of reported cases,numeric,EMR,Eastern Mediterranean,Country,IRN,Iran (Islamic Republic of),Year,2018,true,,,,,,,,,,,,,0,,,,,,0,,GARPR,EN,2022-08-17T04:00:00.000Z
CaseCS,Congenital syphilis number of reported cases,numeric,AFR,Africa,Country,MUS,Mauritius,Year,2018,false,,,,,,,,,,,,,0,,,,,,0,,GARPR,EN,2022-08-17T04:00:00.000Z
CaseCS,Congenital syphilis number of reported cases,numeric,EUR,Europe,Country,MNE,Montenegro,Year,2018,false,,,,,,,,,,,,,0,,,,,,0,,GARPR,EN,2022-08-17T04:00:00.000Z
CaseCS,Congenital syphilis number of reported cases,numeric,SEAR,South-East Asia,Country,NPL,Nepal,Year,2018,true,,,,,,,,,,,,,0,,,,,,0,,GARPR,EN,2022-08-17T04:00:00.000Z
CaseCS,Congenital syphilis number of reported cases,numeric,EMR,Eastern Mediterranean,Country,OMN,Oman,Year,2018,false,,,,,,,,,,,,,0,,,,,,0,,GARPR,EN,2022-08-17T04:00:00.000Z
CaseCS,Congenital syphilis number of reported cases,numeric,AMR,Americas,Country,KNA,Saint Kitts and Nevis,Year,2018,false,,,,,,,,,,,,,0,,,,,,0,,GARPR,EN,2022-08-17T04:00:00.000Z
CaseCS,Congenital syphilis number of reported cases,numeric,AMR,Americas,Country,VCT,Saint Vincent and the Grenadines,Year,2018,true,,,,,,,,,,,,,0,,,,,,0,,GARPR,EN,2022-08-17T04:00:00.000Z
CaseCS,Congenital syphilis number of reported cases,numeric,EMR,Eastern Mediterranean,Country,SAU,Saudi Arabia,Year,2018,true,,,,,,,,,,,,,0,,,,,,0,,GARPR,EN,2022-08-17T04:00:00.000Z
CaseCS,Congenital syphilis number of reported cases,numeric,EUR,Europe,Country,SRB,Serbia,Year,2018,true,,,,,,,,,,,,,0,,,,,,0,,GARPR,EN,2022-08-17T04:00:00.000Z
CaseCS,Congenital syphilis number of reported cases,numeric,AFR,Africa,Country,SYC,Seychelles,Year,2018,false,,,,,,,,,,,,,0,,,,,,0,,GARPR,EN,2022-08-17T04:00:00.000Z
CaseCS,Congenital syphilis number of reported cases,numeric,EUR,Europe,Country,TJK,Tajikistan,Year,2018,false,,,,,,,,,,,,,0,,,,,,0,,GARPR,EN,2022-08-17T04:00:00.000Z
CaseCS,Congenital syphilis number of reported cases,numeric,AMR,Americas,Country,CUB,Cuba,Year,2018,false,,,,,,,,,,,,,1,,,,,,1,,GARPR,EN,2022-08-17T04:00:00.000Z
CaseCS,Congenital syphilis number of reported cases,numeric,AMR,Americas,Country,NIC,Nicaragua,Year,2018,false,,,,,,,,,,,,,1,,,,,,1,,GARPR,EN,2022-08-17T04:00:00.000Z
CaseCS,Congenital syphilis number of reported cases,numeric,EUR,Europe,Country,UKR,Ukraine,Year,2018,false,,,,,,,,,,,,,1,,,,,,1,,GARPR,EN,2022-08-17T04:00:00.000Z
CaseCS,Congenital syphilis number of reported cases,numeric,AMR,Americas,Country,ARG,Argentina,Year,2018,true,,,,,,,,,,,,,1081,,,,,,1081,,GARPR,EN,2022-08-17T04:00:00.000Z
CaseCS,Congenital syphilis number of reported cases,numeric,WPR,Western Pacific,Country,MYS,Malaysia,Year,2018,false,,,,,,,,,,,,,12,,,,,,12,,GARPR,EN,2022-08-17T04:00:00.000Z
CaseCS,Congenital syphilis number of reported cases,numeric,EMR,Eastern Mediterranean,Country,MAR,Morocco,Year,2018,false,,,,,,,,,,,,,122,,,,,,122,,GARPR,EN,2022-08-17T04:00:00.000Z
CaseCS,Congenital syphilis number of reported cases,numeric,AMR,Americas,Country,VEN,Venezuela (Bolivarian Republic of),Year,2018,false,,,,,,,,,,,,,122,,,,,,122,,GARPR,EN,2022-08-17T04:00:00.000Z
CaseCS,Congenital syphilis number of reported cases,numeric,AMR,Americas,Country,HND,Honduras,Year,2018,false,,,,,,,,,,,,,141,,,,,,141,,GARPR,EN,2022-08-17T04:00:00.000Z
CaseCS,Congenital syphilis number of reported cases,numeric,AFR,Africa,Country,ZAF,South Africa,Year,2018,true,,,,,,,,,,,,,159,,,,,,159,,GARPR,EN,2022-08-17T04:00:00.000Z
CaseCS,Congenital syphilis number of reported cases,numeric,EUR,Europe,Country,KAZ,Kazakhstan,Year,2018,false,,,,,,,,,,,,,18,,,,,,18,,GARPR,EN,2022-08-17T04:00:00.000Z
CaseCS,Congenital syphilis number of reported cases,numeric,EUR,Europe,Country,KGZ,Kyrgyzstan,Year,2018,false,,,,,,,,,,,,,2,,,,,,2,,GARPR,EN,2022-08-17T04:00:00.000Z
CaseCS,Congenital syphilis number of reported cases,numeric,WPR,Western Pacific,Country,WSM,Samoa,Year,2018,false,,,,,,,,,,,,,2,,,,,,2,,GARPR,EN,2022-08-17T04:00:00.000Z
CaseCS,Congenital syphilis number of reported cases,numeric,AMR,Americas,Country,BRA,Brazil,Year,2018,false,,,,,,,,,,,,,24666,,,,,,24 666,,GARPR,EN,2022-08-17T04:00:00.000Z
CaseCS,Congenital syphilis number of reported cases,numeric,SEAR,South-East Asia,Country,THA,Thailand,Year,2018,false,,,,,,,,,,,,,266,,,,,,266,,GARPR,EN,2022-08-17T04:00:00.000Z
CaseCS,Congenital syphilis number of reported cases,numeric,AFR,Africa,Country,CIV,Côte d’Ivoire,Year,2018,true,,,,,,,,,,,,,2677,,,,,,2677,,GARPR,EN,2022-08-17T04:00:00.000Z
CaseCS,Congenital syphilis number of reported cases,numeric,AMR,Americas,Country,CHL,Chile,Year,2018,false,,,,,,,,,,,,,27,,,,,,27,,GARPR,EN,2022-08-17T04:00:00.000Z
CaseCS,Congenital syphilis number of reported cases,numeric,AMR,Americas,Country,PER,Peru,Year,2018,false,,,,,,,,,,,,,273,,,,,,273,,GARPR,EN,2022-08-17T04:00:00.000Z
CaseCS,Congenital syphilis number of reported cases,numeric,AMR,Americas,Country,PRY,Paraguay,Year,2018,false,,,,,,,,,,,,,280,,,,,,280,,GARPR,EN,2022-08-17T04:00:00.000Z
CaseCS,Congenital syphilis number of reported cases,numeric,AMR,Americas,Country,MEX,Mexico,Year,2018,false,,,,,,,,,,,,,308,,,,,,308,,GARPR,EN,2022-08-17T04:00:00.000Z
CaseCS,Congenital syphilis number of reported cases,numeric,AMR,Americas,Country,GTM,Guatemala,Year,2018,false,,,,,,,,,,,,,37,,,,,,37,,GARPR,EN,2022-08-17T04:00:00.000Z
CaseCS,Congenital syphilis number of reported cases,numeric,AMR,Americas,Country,CAN,Canada,Year,2018,false,,,,,,,,,,,,,4,,,,,,4,,GARPR,EN,2022-08-17T04:00:00.000Z
CaseCS,Congenital syphilis number of reported cases,numeric,WPR,Western Pacific,Country,NZL,New Zealand,Year,2018,true,,,,,,,,,,,,,4,,,,,,4,,GARPR,EN,2022-08-17T04:00:00.000Z
CaseCS,Congenital syphilis number of reported cases,numeric,EMR,Eastern Mediterranean,Country,QAT,Qatar,Year,2018,false,,,,,,,,,,,,,4,,,,,,4,,GARPR,EN,2022-08-17T04:00:00.000Z
CaseCS,Congenital syphilis number of reported cases,numeric,SEAR,South-East Asia,Country,LKA,Sri Lanka,Year,2018,false,,,,,,,,,,,,,4,,,,,,4,,GARPR,EN,2022-08-17T04:00:00.000Z
CaseCS,Congenital syphilis number of reported cases,numeric,EMR,Eastern Mediterranean,Country,ARE,United Arab Emirates,Year,2018,false,,,,,,,,,,,,,4,,,,,,4,,GARPR,EN,2022-08-17T04:00:00.000Z
CaseCS,Congenital syphilis number of reported cases,numeric,AMR,Americas,Country,PAN,Panama,Year,2018,false,,,,,,,,,,,,,405,,,,,,405,,GARPR,EN,2022-08-17T04:00:00.000Z
CaseCS,Congenital syphilis number of reported cases,numeric,AMR,Americas,Country,URY,Uruguay,Year,2018,false,,,,,,,,,,,,,47,,,,,,47,,GARPR,EN,2022-08-17T04:00:00.000Z
CaseCS,Congenital syphilis number of reported cases,numeric,WPR,Western Pacific,Country,MNG,Mongolia,Year,2018,false,,,,,,,,,,,,,49,,,,,,49,,GARPR,EN,2022-08-17T04:00:00.000Z
CaseCS,Congenital syphilis number of reported cases,numeric,AMR,Americas,Country,CRI,Costa Rica,Year,2018,false,,,,,,,,,,,,,58,,,,,,58,,GARPR,EN,2022-08-17T04:00:00.000Z
CaseCS,Congenital syphilis number of reported cases,numeric,EUR,Europe,Country,MDA,Republic of Moldova,Year,2018,false,,,,,,,,,,,,,6,,,,,,6,,GARPR,EN,2022-08-17T04:00:00.000Z
CaseCS,Congenital syphilis number of reported cases,numeric,AMR,Americas,Country,SLV,El Salvador,Year,2018,false,,,,,,,,,,,,,7,,,,,,7,,GARPR,EN,2022-08-17T04:00:00.000Z
CaseCS,Congenital syphilis number of reported cases,numeric,EUR,Europe,Country,GEO,Georgia,Year,2018,false,,,,,,,,,,,,,7,,,,,,7,,GARPR,EN,2022-08-17T04:00:00.000Z
CaseCS,Congenital syphilis number of reported cases,numeric,AFR,Africa,Country,TGO,Togo,Year,2018,false,,,,,,,,,,,,,8,,,,,,8,,GARPR,EN,2022-08-17T04:00:00.000Z
CaseCS,Congenital syphilis number of reported cases,numeric,AMR,Americas,Country,COL,Colombia,Year,2018,false,,,,,,,,,,,,,922,,,,,,922,,GARPR,EN,2022-08-17T04:00:00.000Z
CaseCS,Congenital syphilis number of reported cases,numeric,AMR,Americas,Country,ATG,Antigua and Barbuda,Year,2017,false,,,,,,,,,,,,,0,,,,,,0,,GARPR,EN,2022-08-17T04:00:00.000Z
CaseCS,Congenital syphilis number of reported cases,numeric,EUR,Europe,Country,ARM,Armenia,Year,2017,false,,,,,,,,,,,,,0,,,,,,0,,GARPR,EN,2022-08-17T04:00:00.000Z
CaseCS,Congenital syphilis number of reported cases,numeric,EUR,Europe,Country,BLR,Belarus,Year,2017,false,,,,,,,,,,,,,0,,,,,,0,,GARPR,EN,2022-08-17T04:00:00.000Z
CaseCS,Congenital syphilis number of reported cases,numeric,EUR,Europe,Country,MNE,Montenegro,Year,2017,false,,,,,,,,,,,,,0,,,,,,0,,GARPR,EN,2022-08-17T04:00:00.000Z
CaseCS,Congenital syphilis number of reported cases,numeric,SEAR,South-East Asia,Country,NPL,Nepal,Year,2017,false,,,,,,,,,,,,,0,,,,,,0,,GARPR,EN,2022-08-17T04:00:00.000Z
CaseCS,Congenital syphilis number of reported cases,numeric,EMR,Eastern Mediterranean,Country,OMN,Oman,Year,2017,false,,,,,,,,,,,,,0,,,,,,0,,GARPR,EN,2022-08-17T04:00:00.000Z
CaseCS,Congenital syphilis number of reported cases,numeric,AMR,Americas,Country,KNA,Saint Kitts and Nevis,Year,2017,false,,,,,,,,,,,,,0,,,,,,0,,GARPR,EN,2022-08-17T04:00:00.000Z
CaseCS,Congenital syphilis number of reported cases,numeric,AMR,Americas,Country,VCT,Saint Vincent and the Grenadines,Year,2017,false,,,,,,,,,,,,,0,,,,,,0,,GARPR,EN,2022-08-17T04:00:00.000Z
CaseCS,Congenital syphilis number of reported cases,numeric,EUR,Europe,Country,SRB,Serbia,Year,2017,false,,,,,,,,,,,,,0,,,,,,0,,GARPR,EN,2022-08-17T04:00:00.000Z
CaseCS,Congenital syphilis number of reported cases,numeric,AMR,Americas,Country,TTO,Trinidad and Tobago,Year,2017,true,,,,,,,,,,,,,0,,,,,,0,,GARPR,EN,2022-08-17T04:00:00.000Z
CaseCS,Congenital syphilis number of reported cases,numeric,EUR,Europe,Country,UKR,Ukraine,Year,2017,false,,,,,,,,,,,,,0,,,,,,0,,GARPR,EN,2022-08-17T04:00:00.000Z
CaseCS,Congenital syphilis number of reported cases,numeric,EMR,Eastern Mediterranean,Country,SAU,Saudi Arabia,Year,2017,false,,,,,,,,,,,,,1,,,,,,1,,GARPR,EN,2022-08-17T04:00:00.000Z
CaseCS,Congenital syphilis number of reported cases,numeric,AFR,Africa,Country,SYC,Seychelles,Year,2017,false,,,,,,,,,,,,,1,,,,,,1,,GARPR,EN,2022-08-17T04:00:00.000Z
CaseCS,Congenital syphilis number of reported cases,numeric,EMR,Eastern Mediterranean,Country,ARE,United Arab Emirates,Year,2017,false,,,,,,,,,,,,,1,,,,,,1,,GARPR,EN,2022-08-17T04:00:00.000Z
CaseCS,Congenital syphilis number of reported cases,numeric,SEAR,South-East Asia,Country,THA,Thailand,Year,2017,false,,,,,,,,,,,,,103,,,,,,103,,GARPR,EN,2022-08-17T04:00:00.000Z
CaseCS,Congenital syphilis number of reported cases,numeric,EUR,Europe,Country,GEO,Georgia,Year,2017,false,,,,,,,,,,,,,11,,,,,,11,,GARPR,EN,2022-08-17T04:00:00.000Z
CaseCS,Congenital syphilis number of reported cases,numeric,EMR,Eastern Mediterranean,Country,MAR,Morocco,Year,2017,false,,,,,,,,,,,,,117,,,,,,117,,GARPR,EN,2022-08-17T04:00:00.000Z
CaseCS,Congenital syphilis number of reported cases,numeric,AMR,Americas,Country,ARG,Argentina,Year,2017,false,,,,,,,,,,,,,1216,,,,,,1216,,GARPR,EN,2022-08-17T04:00:00.000Z
CaseCS,Congenital syphilis number of reported cases,numeric,AMR,Americas,Country,HND,Honduras,Year,2017,false,,,,,,,,,,,,,124,,,,,,124,,GARPR,EN,2022-08-17T04:00:00.000Z
CaseCS,Congenital syphilis number of reported cases,numeric,AMR,Americas,Country,PER,Peru,Year,2017,false,,,,,,,,,,,,,195,,,,,,195,,GARPR,EN,2022-08-17T04:00:00.000Z
CaseCS,Congenital syphilis number of reported cases,numeric,EUR,Europe,Country,ALB,Albania,Year,2017,false,,,,,,,,,,,,,2,,,,,,2,,GARPR,EN,2022-08-17T04:00:00.000Z
CaseCS,Congenital syphilis number of reported cases,numeric,EUR,Europe,Country,CZE,Czechia,Year,2017,true,,,,,,,,,,,,,2,,,,,,2,,GARPR,EN,2022-08-17T04:00:00.000Z
CaseCS,Congenital syphilis number of reported cases,numeric,WPR,Western Pacific,Country,MYS,Malaysia,Year,2017,false,,,,,,,,,,,,,2,,,,,,2,,GARPR,EN,2022-08-17T04:00:00.000Z
CaseCS,Congenital syphilis number of reported cases,numeric,SEAR,South-East Asia,Country,LKA,Sri Lanka,Year,2017,false,,,,,,,,,,,,,2,,,,,,2,,GARPR,EN,2022-08-17T04:00:00.000Z
CaseCS,Congenital syphilis number of reported cases,numeric,AMR,Americas,Country,BRA,Brazil,Year,2017,false,,,,,,,,,,,,,20474,,,,,,20 474,,GARPR,EN,2022-08-17T04:00:00.000Z
CaseCS,Congenital syphilis number of reported cases,numeric,AMR,Americas,Country,MEX,Mexico,Year,2017,false,,,,,,,,,,,,,204,,,,,,204,,GARPR,EN,2022-08-17T04:00:00.000Z
CaseCS,Congenital syphilis number of reported cases,numeric,AMR,Americas,Country,CHL,Chile,Year,2017,false,,,,,,,,,,,,,26,,,,,,26,,GARPR,EN,2022-08-17T04:00:00.000Z
CaseCS,Congenital syphilis number of reported cases,numeric,AMR,Americas,Country,CUB,Cuba,Year,2017,false,,,,,,,,,,,,,3,,,,,,3,,GARPR,EN,2022-08-17T04:00:00.000Z
CaseCS,Congenital syphilis number of reported cases,numeric,AMR,Americas,Country,SLV,El Salvador,Year,2017,false,,,,,,,,,,,,,3,,,,,,3,,GARPR,EN,2022-08-17T04:00:00.000Z
CaseCS,Congenital syphilis number of reported cases,numeric,EUR,Europe,Country,KAZ,Kazakhstan,Year,2017,false,,,,,,,,,,,,,3,,,,,,3,,GARPR,EN,2022-08-17T04:00:00.000Z
CaseCS,Congenital syphilis number of reported cases,numeric,AMR,Americas,Country,PRY,Paraguay,Year,2017,false,,,,,,,,,,,,,320,,,,,,320,,GARPR,EN,2022-08-17T04:00:00.000Z
CaseCS,Congenital syphilis number of reported cases,numeric,AMR,Americas,Country,GTM,Guatemala,Year,2017,false,,,,,,,,,,,,,36,,,,,,36,,GARPR,EN,2022-08-17T04:00:00.000Z
CaseCS,Congenital syphilis number of reported cases,numeric,WPR,Western Pacific,Country,CHN,China,Year,2017,true,,,,,,,,,,,,,3846,,,,,,3846,,GARPR,EN,2022-08-17T04:00:00.000Z
CaseCS,Congenital syphilis number of reported cases,numeric,AMR,Americas,Country,PAN,Panama,Year,2017,false,,,,,,,,,,,,,399,,,,,,399,,GARPR,EN,2022-08-17T04:00:00.000Z
CaseCS,Congenital syphilis number of reported cases,numeric,AMR,Americas,Country,BRB,Barbados,Year,2017,true,,,,,,,,,,,,,4,,,,,,4,,GARPR,EN,2022-08-17T04:00:00.000Z
CaseCS,Congenital syphilis number of reported cases,numeric,AMR,Americas,Country,NIC,Nicaragua,Year,2017,false,,,,,,,,,,,,,4,,,,,,4,,GARPR,EN,2022-08-17T04:00:00.000Z
CaseCS,Congenital syphilis number of reported cases,numeric,WPR,Western Pacific,Country,FJI,Fiji,Year,2017,true,,,,,,,,,,,,,42,,,,,,42,,GARPR,EN,2022-08-17T04:00:00.000Z
CaseCS,Congenital syphilis number of reported cases,numeric,EUR,Europe,Country,KGZ,Kyrgyzstan,Year,2017,false,,,,,,,,,,,,,5,,,,,,5,,GARPR,EN,2022-08-17T04:00:00.000Z
CaseCS,Congenital syphilis number of reported cases,numeric,AFR,Africa,Country,MUS,Mauritius,Year,2017,false,,,,,,,,,,,,,5,,,,,,5,,GARPR,EN,2022-08-17T04:00:00.000Z
CaseCS,Congenital syphilis number of reported cases,numeric,AFR,Africa,Country,NAM,Namibia,Year,2017,true,,,,,,,,,,,,,5,,,,,,5,,GARPR,EN,2022-08-17T04:00:00.000Z
CaseCS,Congenital syphilis number of reported cases,numeric,EUR,Europe,Country,MDA,Republic of Moldova,Year,2017,false,,,,,,,,,,,,,5,,,,,,5,,GARPR,EN,2022-08-17T04:00:00.000Z
CaseCS,Congenital syphilis number of reported cases,numeric,AFR,Africa,Country,BFA,Burkina Faso,Year,2017,false,,,,,,,,,,,,,52,,,,,,52,,GARPR,EN,2022-08-17T04:00:00.000Z
CaseCS,Congenital syphilis number of reported cases,numeric,WPR,Western Pacific,Country,MNG,Mongolia,Year,2017,false,,,,,,,,,,,,,59,,,,,,59,,GARPR,EN,2022-08-17T04:00:00.000Z
CaseCS,Congenital syphilis number of reported cases,numeric,AMR,Americas,Country,LCA,Saint Lucia,Year,2017,false,,,,,,,,,,,,,6,,,,,,6,,GARPR,EN,2022-08-17T04:00:00.000Z
CaseCS,Congenital syphilis number of reported cases,numeric,AMR,Americas,Country,CRI,Costa Rica,Year,2017,false,,,,,,,,,,,,,68,,,,,,68,,GARPR,EN,2022-08-17T04:00:00.000Z
CaseCS,Congenital syphilis number of reported cases,numeric,AMR,Americas,Country,URY,Uruguay,Year,2017,false,,,,,,,,,,,,,71,,,,,,71,,GARPR,EN,2022-08-17T04:00:00.000Z
CaseCS,Congenital syphilis number of reported cases,numeric,EUR,Europe,Country,TJK,Tajikistan,Year,2017,false,,,,,,,,,,,,,8,,,,,,8,,GARPR,EN,2022-08-17T04:00:00.000Z
CaseCS,Congenital syphilis number of reported cases,numeric,AMR,Americas,Country,COL,Colombia,Year,2017,false,,,,,,,,,,,,,934,,,,,,934,,GARPR,EN,2022-08-17T04:00:00.000Z
CaseCS,Congenital syphilis number of reported cases,numeric,EUR,Europe,Country,BLR,Belarus,Year,2016,false,,,,,,,,,,,,,0,,,,,,0,,,EN,2022-08-17T04:00:00.000Z
CaseCS,Congenital syphilis number of reported cases,numeric,AMR,Americas,Country,DMA,Dominica,Year,2016,false,,,,,,,,,,,,,0,,,,,,0,,,EN,2022-08-17T04:00:00.000Z
CaseCS,Congenital syphilis number of reported cases,numeric,AMR,Americas,Country,SLV,El Salvador,Year,2016,false,,,,,,,,,,,,,0,,,,,,0,,,EN,2022-08-17T04:00:00.000Z
CaseCS,Congenital syphilis number of reported cases,numeric,AMR,Americas,Country,GRD,Grenada,Year,2016,true,,,,,,,,,,,,,0,,,,,,0,,,EN,2022-08-17T04:00:00.000Z
CaseCS,Congenital syphilis number of reported cases,numeric,EUR,Europe,Country,ISL,Iceland,Year,2016,true,,,,,,,,,,,,,0,,,,,,0,,,EN,2022-08-17T04:00:00.000Z
CaseCS,Congenital syphilis number of reported cases,numeric,EUR,Europe,Country,LTU,Lithuania,Year,2016,true,,,,,,,,,,,,,0,,,,,,0,,,EN,2022-08-17T04:00:00.000Z
CaseCS,Congenital syphilis number of reported cases,numeric,WPR,Western Pacific,Country,NRU,Nauru,Year,2016,true,,,,,,,,,,,,,0,,,,,,0,,,EN,2022-08-17T04:00:00.000Z
CaseCS,Congenital syphilis number of reported cases,numeric,EMR,Eastern Mediterranean,Country,OMN,Oman,Year,2016,false,,,,,,,,,,,,,0,,,,,,0,,,EN,2022-08-17T04:00:00.000Z
CaseCS,Congenital syphilis number of reported cases,numeric,AMR,Americas,Country,KNA,Saint Kitts and Nevis,Year,2016,false,,,,,,,,,,,,,0,,,,,,0,,,EN,2022-08-17T04:00:00.000Z
CaseCS,Congenital syphilis number of reported cases,numeric,AMR,Americas,Country,VCT,Saint Vincent and the Grenadines,Year,2016,false,,,,,,,,,,,,,0,,,,,,0,,,EN,2022-08-17T04:00:00.000Z
CaseCS,Congenital syphilis number of reported cases,numeric,EMR,Eastern Mediterranean,Country,SAU,Saudi Arabia,Year,2016,false,,,,,,,,,,,,,0,,,,,,0,,,EN,2022-08-17T04:00:00.000Z
CaseCS,Congenital syphilis number of reported cases,numeric,EUR,Europe,Country,SRB,Serbia,Year,2016,false,,,,,,,,,,,,,0,,,,,,0,,,EN,2022-08-17T04:00:00.000Z
CaseCS,Congenital syphilis number of reported cases,numeric,AFR,Africa,Country,SYC,Seychelles,Year,2016,false,,,,,,,,,,,,,0,,,,,,0,,,EN,2022-08-17T04:00:00.000Z
CaseCS,Congenital syphilis number of reported cases,numeric,WPR,Western Pacific,Country,SGP,Singapore,Year,2016,true,,,,,,,,,,,,,0,,,,,,0,,,EN,2022-08-17T04:00:00.000Z
CaseCS,Congenital syphilis number of reported cases,numeric,WPR,Western Pacific,Country,TON,Tonga,Year,2016,true,,,,,,,,,,,,,0,,,,,,0,,,EN,2022-08-17T04:00:00.000Z
CaseCS,Congenital syphilis number of reported cases,numeric,EUR,Europe,Country,ALB,Albania,Year,2016,false,,,,,,,,,,,,,1,,,,,,1,,,EN,2022-08-17T04:00:00.000Z
CaseCS,Congenital syphilis number of reported cases,numeric,AMR,Americas,Country,LCA,Saint Lucia,Year,2016,false,,,,,,,,,,,,,1,,,,,,1,,,EN,2022-08-17T04:00:00.000Z
CaseCS,Congenital syphilis number of reported cases,numeric,EUR,Europe,Country,TJK,Tajikistan,Year,2016,false,,,,,,,,,,,,,1,,,,,,1,,,EN,2022-08-17T04:00:00.000Z
CaseCS,Congenital syphilis number of reported cases,numeric,EUR,Europe,Country,UKR,Ukraine,Year,2016,false,,,,,,,,,,,,,1,,,,,,1,,,EN,2022-08-17T04:00:00.000Z
CaseCS,Congenital syphilis number of reported cases,numeric,AMR,Americas,Country,ECU,Ecuador,Year,2016,false,,,,,,,,,,,,,110,,,,,,110,,,EN,2022-08-17T04:00:00.000Z
CaseCS,Congenital syphilis number of reported cases,numeric,EUR,Europe,Country,GEO,Georgia,Year,2016,false,,,,,,,,,,,,,13,,,,,,13,,,EN,2022-08-17T04:00:00.000Z
CaseCS,Congenital syphilis number of reported cases,numeric,WPR,Western Pacific,Country,MYS,Malaysia,Year,2016,false,,,,,,,,,,,,,15,,,,,,15,,,EN,2022-08-17T04:00:00.000Z
CaseCS,Congenital syphilis number of reported cases,numeric,AMR,Americas,Country,MEX,Mexico,Year,2016,false,,,,,,,,,,,,,169,,,,,,169,,,EN,2022-08-17T04:00:00.000Z
CaseCS,Congenital syphilis number of reported cases,numeric,AMR,Americas,Country,PER,Peru,Year,2016,false,,,,,,,,,,,,,195,,,,,,195,,,EN,2022-08-17T04:00:00.000Z
CaseCS,Congenital syphilis number of reported cases,numeric,EUR,Europe,Country,KAZ,Kazakhstan,Year,2016,false,,,,,,,,,,,,,20,,,,,,20,,,EN,2022-08-17T04:00:00.000Z
CaseCS,Congenital syphilis number of reported cases,numeric,AMR,Americas,Country,ATG,Antigua and Barbuda,Year,2016,false,,,,,,,,,,,,,3,,,,,,3,,,EN,2022-08-17T04:00:00.000Z
CaseCS,Congenital syphilis number of reported cases,numeric,EUR,Europe,Country,DEU,Germany,Year,2016,true,,,,,,,,,,,,,3,,,,,,3,,,EN,2022-08-17T04:00:00.000Z
CaseCS,Congenital syphilis number of reported cases,numeric,AMR,Americas,Country,NIC,Nicaragua,Year,2016,false,,,,,,,,,,,,,3,,,,,,3,,,EN,2022-08-17T04:00:00.000Z
CaseCS,Congenital syphilis number of reported cases,numeric,EMR,Eastern Mediterranean,Country,ARE,United Arab Emirates,Year,2016,false,,,,,,,,,,,,,3,,,,,,3,,,EN,2022-08-17T04:00:00.000Z
CaseCS,Congenital syphilis number of reported cases,numeric,AMR,Americas,Country,HND,Honduras,Year,2016,false,,,,,,,,,,,,,31,,,,,,31,,,EN,2022-08-17T04:00:00.000Z
CaseCS,Congenital syphilis number of reported cases,numeric,AMR,Americas,Country,PRY,Paraguay,Year,2016,false,,,,,,,,,,,,,327,,,,,,327,,,EN,2022-08-17T04:00:00.000Z
CaseCS,Congenital syphilis number of reported cases,numeric,AMR,Americas,Country,CRI,Costa Rica,Year,2016,false,,,,,,,,,,,,,36,,,,,,36,,,EN,2022-08-17T04:00:00.000Z
CaseCS,Congenital syphilis number of reported cases,numeric,AMR,Americas,Country,COL,Colombia,Year,2016,false,,,,,,,,,,,,,3959,,,,,,3959,,,EN,2022-08-17T04:00:00.000Z
CaseCS,Congenital syphilis number of reported cases,numeric,WPR,Western Pacific,Country,AUS,Australia,Year,2016,true,,,,,,,,,,,,,4,,,,,,4,,,EN,2022-08-17T04:00:00.000Z
CaseCS,Congenital syphilis number of reported cases,numeric,AFR,Africa,Country,MUS,Mauritius,Year,2016,false,,,,,,,,,,,,,4,,,,,,4,,,EN,2022-08-17T04:00:00.000Z
CaseCS,Congenital syphilis number of reported cases,numeric,EUR,Europe,Country,ROU,Romania,Year,2016,true,,,,,,,,,,,,,4,,,,,,4,,,EN,2022-08-17T04:00:00.000Z
CaseCS,Congenital syphilis number of reported cases,numeric,WPR,Western Pacific,Country,MNG,Mongolia,Year,2016,false,,,,,,,,,,,,,42,,,,,,42,,,EN,2022-08-17T04:00:00.000Z
CaseCS,Congenital syphilis number of reported cases,numeric,EUR,Europe,Country,CHE,Switzerland,Year,2016,true,,,,,,,,,,,,,5,,,,,,5,,,EN,2022-08-17T04:00:00.000Z
CaseCS,Congenital syphilis number of reported cases,numeric,AMR,Americas,Country,PAN,Panama,Year,2016,false,,,,,,,,,,,,,58,,,,,,58,,,EN,2022-08-17T04:00:00.000Z
CaseCS,Congenital syphilis number of reported cases,numeric,SEAR,South-East Asia,Country,IDN,Indonesia,Year,2016,true,,,,,,,,,,,,,59,,,,,,59,,,EN,2022-08-17T04:00:00.000Z
CaseCS,Congenital syphilis number of reported cases,numeric,AMR,Americas,Country,CUB,Cuba,Year,2016,false,,,,,,,,,,,,,6,,,,,,6,,,EN,2022-08-17T04:00:00.000Z
CaseCS,Congenital syphilis number of reported cases,numeric,AMR,Americas,Country,JAM,Jamaica,Year,2016,false,,,,,,,,,,,,,7,,,,,,7,,,EN,2022-08-17T04:00:00.000Z
CaseCS,Congenital syphilis number of reported cases,numeric,EUR,Europe,Country,KGZ,Kyrgyzstan,Year,2016,false,,,,,,,,,,,,,7,,,,,,7,,,EN,2022-08-17T04:00:00.000Z
CaseCS,Congenital syphilis number of reported cases,numeric,EUR,Europe,Country,MDA,Republic of Moldova,Year,2016,false,,,,,,,,,,,,,7,,,,,,7,,,EN,2022-08-17T04:00:00.000Z
CaseCS,Congenital syphilis number of reported cases,numeric,AMR,Americas,Country,GTM,Guatemala,Year,2016,false,,,,,,,,,,,,,8,,,,,,8,,,EN,2022-08-17T04:00:00.000Z
CaseCS,Congenital syphilis number of reported cases,numeric,SEAR,South-East Asia,Country,LKA,Sri Lanka,Year,2016,false,,,,,,,,,,,,,9,,,,,,9,,,EN,2022-08-17T04:00:00.000Z
CaseCS,Congenital syphilis number of reported cases,numeric,EUR,Europe,Country,ALB,Albania,Year,2014,false,,,,,,,,,,GARPR,GARPR,,0,,,,,,0,,Source: National case reporting. Data are representative.,EN,2022-08-17T04:00:00.000Z
CaseCS,Congenital syphilis number of reported cases,numeric,EUR,Europe,Country,ARM,Armenia,Year,2014,false,,,,,,,,,,GARPR,GARPR,,0,,,,,,0,,Data collection period: 01/01/2013 to 01/01/2013.               Source: Routine statistics. Data are representative.,EN,2022-08-17T04:00:00.000Z
CaseCS,Congenital syphilis number of reported cases,numeric,AMR,Americas,Country,BHS,Bahamas,Year,2014,true,,,,,,,,,,GARPR,GARPR,,0,,,,,,0,,"Source: National case reporting.             Comments: Denominator is an estimate based on events occurring in major public and private hospitals, and excludes some private birthing institutions. The numerator is representative of the entire country but the denominator is an estimate based on events occurring in major public and private hospitals and excludes some private birthing institutions. Data are not representative.",EN,2022-08-17T04:00:00.000Z
CaseCS,Congenital syphilis number of reported cases,numeric,EUR,Europe,Country,BLR,Belarus,Year,2014,false,,,,,,,,,,GARPR,GARPR,,0,,,,,,0,,Source: National case reporting; Statistical data of the Ministry of Health of the Republic of Belarus. The final report for 2014.,EN,2022-08-17T04:00:00.000Z
CaseCS,Congenital syphilis number of reported cases,numeric,AFR,Africa,Country,GAB,Gabon,Year,2014,true,,,,,,,,,,GARPR,GARPR,,0,,,,,,0,,Source: National case reporting.  Data are representative.,EN,2022-08-17T04:00:00.000Z
CaseCS,Congenital syphilis number of reported cases,numeric,AFR,Africa,Country,MUS,Mauritius,Year,2014,false,,,,,,,,,,GARPR,GARPR,,0,,,,,,0,,Source: National case reporting.  Data are representative.,EN,2022-08-17T04:00:00.000Z
CaseCS,Congenital syphilis number of reported cases,numeric,EUR,Europe,Country,MCO,Monaco,Year,2014,true,,,,,,,,,,GARPR,GARPR,,0,,,,,,0,,Source: National case reporting.  Data are representative.,EN,2022-08-17T04:00:00.000Z
CaseCS,Congenital syphilis number of reported cases,numeric,WPR,Western Pacific,Country,NRU,Nauru,Year,2014,false,,,,,,,,,,GARPR,GARPR,,0,,,,,,0,,Source: National case reporting.  Data are not representative.,EN,2022-08-17T04:00:00.000Z
CaseCS,Congenital syphilis number of reported cases,numeric,EMR,Eastern Mediterranean,Country,OMN,Oman,Year,2014,false,,,,,,,,,,GARPR,GARPR,,0,,,,,,0,,Source: National case reporting.                    Comments: Live births data are provisional for the year 2014. Data are not representative.,EN,2022-08-17T04:00:00.000Z
CaseCS,Congenital syphilis number of reported cases,numeric,AMR,Americas,Country,KNA,Saint Kitts and Nevis,Year,2014,false,,,,,,,,,,GARPR,GARPR,,0,,,,,,0,,Source: National case reporting.                       Comments: Public sector only. Data are not representative.,EN,2022-08-17T04:00:00.000Z
CaseCS,Congenital syphilis number of reported cases,numeric,EMR,Eastern Mediterranean,Country,SAU,Saudi Arabia,Year,2014,false,,,,,,,,,,GARPR,GARPR,,0,,,,,,0,,Source: National case reporting.  Data are representative.,EN,2022-08-17T04:00:00.000Z
CaseCS,Congenital syphilis number of reported cases,numeric,EUR,Europe,Country,SRB,Serbia,Year,2014,false,,,,,,,,,,GARPR,GARPR,,0,,,,,,0,,"Source: National case reporting.                      Comments: In 2013, no cases of congenital syphilis has been registered in the Republic of Serbia. Data entered for denominator are the number of live births are related to 2013 (data for 2014 is not available at this moment but it is expected to be very similar to those registered in 2013).  Data are representative.",EN,2022-08-17T04:00:00.000Z
CaseCS,Congenital syphilis number of reported cases,numeric,AFR,Africa,Country,SYC,Seychelles,Year,2014,false,,,,,,,,,,GARPR,GARPR,,0,,,,,,0,,Source: National case reporting.  Data are representative.,EN,2022-08-17T04:00:00.000Z
CaseCS,Congenital syphilis number of reported cases,numeric,EMR,Eastern Mediterranean,Country,TUN,Tunisia,Year,2014,true,,,,,,,,,,GARPR,GARPR,,0,,,,,,0,,Source: National case reporting.  Data are representative.,EN,2022-08-17T04:00:00.000Z
CaseCS,Congenital syphilis number of reported cases,numeric,EMR,Eastern Mediterranean,Country,ARE,United Arab Emirates,Year,2014,false,,,,,,,,,,GARPR,GARPR,,0,,,,,,0,,Source: National case reporting. Data are representative.,EN,2022-08-17T04:00:00.000Z
CaseCS,Congenital syphilis number of reported cases,numeric,AFR,Africa,Country,CPV,Cabo Verde,Year,2014,true,,,,,,,,,,GARPR,GARPR,,1,,,,,,1,,Source: National case reporting.  Data are not representative.,EN,2022-08-17T04:00:00.000Z
CaseCS,Congenital syphilis number of reported cases,numeric,AMR,Americas,Country,GTM,Guatemala,Year,2014,false,,,,,,,,,,GARPR,GARPR,,1,,,,,,1,,"Source: National case reporting; SIGSA, Source for the denominator is the National Vital Statistics Report of 2012.                       Comments: Data are representative.",EN,2022-08-17T04:00:00.000Z
CaseCS,Congenital syphilis number of reported cases,numeric,EUR,Europe,Country,MNE,Montenegro,Year,2014,false,,,,,,,,,,GARPR,GARPR,,1,,,,,,1,,Source: National case reporting.  Comments: The number of live births are for 2013 (data for 2014 still not available). Data are representative.,EN,2022-08-17T04:00:00.000Z
CaseCS,Congenital syphilis number of reported cases,numeric,AMR,Americas,Country,PAN,Panama,Year,2014,false,,,,,,,,,,GARPR,GARPR,,104,,,,,,104,,Data collection period: 01/01/2013 to 31/12/2013.              Source: National case reporting.  Data are representative.,EN,2022-08-17T04:00:00.000Z
CaseCS,Congenital syphilis number of reported cases,numeric,EUR,Europe,Country,KGZ,Kyrgyzstan,Year,2014,false,,,,,,,,,,GARPR,GARPR,,11,,,,,,11,,Source: National case reporting.  Data are representative.,EN,2022-08-17T04:00:00.000Z
CaseCS,Congenital syphilis number of reported cases,numeric,AMR,Americas,Country,COL,Colombia,Year,2014,false,,,,,,,,,,GARPR,GARPR,,1120,,,,,,1120,,Source: Sentinel case reporting. Data are representative.,EN,2022-08-17T04:00:00.000Z
CaseCS,Congenital syphilis number of reported cases,numeric,AFR,Africa,Country,GNQ,Equatorial Guinea,Year,2014,true,,,,,,,,,,GARPR,GARPR,,113,,,,,,113,,Source: Sentinel case reporting. Data are representative.,EN,2022-08-17T04:00:00.000Z
CaseCS,Congenital syphilis number of reported cases,numeric,AMR,Americas,Country,BRA,Brazil,Year,2014,false,,,,,,,,,,GARPR,GARPR,,13705,,,,,,13 705,,Data collection period: 01/01/2013 to 01/01/2013.               Source: National Disease Reporting System (SINAN),EN,2022-08-17T04:00:00.000Z
CaseCS,Congenital syphilis number of reported cases,numeric,AMR,Americas,Country,MEX,Mexico,Year,2014,false,,,,,,,,,,GARPR,GARPR,,144,,,,,,144,,Source: Inquiries to different sources of health information system in the country.,EN,2022-08-17T04:00:00.000Z
CaseCS,Congenital syphilis number of reported cases,numeric,AMR,Americas,Country,SLV,El Salvador,Year,2014,false,,,,,,,,,,GARPR,GARPR,,2,,,,,,2,,Source: National case reporting.  Data are representative.,EN,2022-08-17T04:00:00.000Z
CaseCS,Congenital syphilis number of reported cases,numeric,EUR,Europe,Country,TJK,Tajikistan,Year,2014,false,,,,,,,,,,GARPR,GARPR,,2,,,,,,2,,"Source: National case reporting.                        Comments: These data are from routine surveillance for infections, sexually transmitted diseases in the Republic of Tajikistan for 2014. Data are representative.",EN,2022-08-17T04:00:00.000Z
CaseCS,Congenital syphilis number of reported cases,numeric,EUR,Europe,Country,UKR,Ukraine,Year,2014,false,,,,,,,,,,GARPR,GARPR,,2,,,,,,2,,"Source: Form No.34 - healthy, Report on the  patient cohort for diseases that are mainly transmitted through sexual contact, fungous skin diseases and scab for 2014, annual (Order of the MoH of Ukraine from 03.05.1999 no.102); Form No.9, Report on diseases that are mainly transmitted through sexual contact, fungous skin diseases and scab for 20_ year, annual (Order of the MoH of Ukraine from 07.04.2006 No.203 in coordination with the State Statistics Committee of Ukraine). National figures do not include data on the Crimea and Sevastopol. Data are not representative.",EN,2022-08-17T04:00:00.000Z
CaseCS,Congenital syphilis number of reported cases,numeric,AMR,Americas,Country,PER,Peru,Year,2014,false,,,,,,,,,,GARPR,GARPR,,244,,,,,,244,,"Source: Information collected from administrative records of health services, called 'Sheet Monitoring Activities of the National Programme'.              Comments: No Social Security data include.",EN,2022-08-17T04:00:00.000Z
CaseCS,Congenital syphilis number of reported cases,numeric,WPR,Western Pacific,Country,MYS,Malaysia,Year,2014,false,,,,,,,,,,GARPR,GARPR,,29,,,,,,29,,Source: National case reporting.  Data are representative.,EN,2022-08-17T04:00:00.000Z
CaseCS,Congenital syphilis number of reported cases,numeric,WPR,Western Pacific,Country,MNG,Mongolia,Year,2014,false,,,,,,,,,,GARPR,GARPR,,30,,,,,,30,,"Source: National case reporting; Health Indicators 2014, Center for Health Development.                     Comments: Data are representative.",EN,2022-08-17T04:00:00.000Z
CaseCS,Congenital syphilis number of reported cases,numeric,AMR,Americas,Country,LCA,Saint Lucia,Year,2014,false,,,,,,,,,,GARPR,GARPR,,4,,,,,,4,,Source: Sentinel case reporting. Data are representative.,EN,2022-08-17T04:00:00.000Z
CaseCS,Congenital syphilis number of reported cases,numeric,AMR,Americas,Country,CHL,Chile,Year,2014,false,,,,,,,,,,GARPR,GARPR,,41,,,,,,41,,"Data collection period: 01/01/2013 to 01/01/2013.               Source: Epidemiological Surveillance System of STIs. Ministry of Health (Original: Sistema de Vigilancia Epidemiol�gica de las ITS. Ministerio de Salud)                    Comments: The information comes from the universal system of surveillance of syphilis of the Ministry of Health. The denominator is the number of live births corrected in 2012, awarded by the National Statistics Institute-INE, the country (Original: La informaci�n proviene del sistema de vigilancia universal de la s�filis, del Ministerio de Salud. El denominador corresponde al n�mero de nacidos vivos corregidos del a�o 2012, entregado por el Instituto Nacional de Estad�sticas-INE, del pa�s.)",EN,2022-08-17T04:00:00.000Z
CaseCS,Congenital syphilis number of reported cases,numeric,AMR,Americas,Country,PRY,Paraguay,Year,2014,false,,,,,,,,,,GARPR,GARPR,,436,,,,,,436,,Source: Notification forms of congenital syphilis.                  Comments: There is underreporting of data due to weaknesses in the monitoring of the cohort of pregnant women with syphilis in health facilities and regional offices.,EN,2022-08-17T04:00:00.000Z
CaseCS,Congenital syphilis number of reported cases,numeric,WPR,Western Pacific,Country,FJI,Fiji,Year,2014,false,,,,,,,,,,GARPR,GARPR,,47,,,,,,47,,"Source: National case reporting.  Comments: Please note that the denominator for 2014 is a proxy denominator of 20,000, on average Fiji has had an avergae of 20,000-22,000 births per year in the last 4-5 years. We havent finalised the total births for Fiji for 2014.  Data are representative.",EN,2022-08-17T04:00:00.000Z
CaseCS,Congenital syphilis number of reported cases,numeric,AFR,Africa,Country,MOZ,Mozambique,Year,2014,true,,,,,,,,,,GARPR,GARPR,,4705,,,,,,4705,,"Source: National case reporting.                      Comments: Number of live births is estimated at 4.5% of population. It reflects the number of cases from intitutionalized births only. According to DHS 2011, only 54% of births occurred at health facilities. Data are not representative.",EN,2022-08-17T04:00:00.000Z
CaseCS,Congenital syphilis number of reported cases,numeric,AMR,Americas,Country,NIC,Nicaragua,Year,2014,false,,,,,,,,,,GARPR,GARPR,,5,,,,,,5,,Source: Records of the National Programme. Review April 2015.  Data are representative.,EN,2022-08-17T04:00:00.000Z
CaseCS,Congenital syphilis number of reported cases,numeric,AMR,Americas,Country,HND,Honduras,Year,2014,false,,,,,,,,,,GARPR,GARPR,,57,,,,,,57,,Source: National case reporting.                   Comments: The numerator is notifications of cases of congenital syphilis by the national laboratory of the Ministry of Health and the denominator comes from the estimate of live births by 2014. Data are representative.,EN,2022-08-17T04:00:00.000Z
CaseCS,Congenital syphilis number of reported cases,numeric,AMR,Americas,Country,CUB,Cuba,Year,2014,false,,,,,,,,,,GARPR,GARPR,,6,,,,,,6,,Source: National case reporting.  Data are representative.,EN,2022-08-17T04:00:00.000Z
CaseCS,Congenital syphilis number of reported cases,numeric,EUR,Europe,Country,MDA,Republic of Moldova,Year,2014,false,,,,,,,,,,GARPR,GARPR,,7,,,,,,7,,Source: National case reporting.  Data are representative.,EN,2022-08-17T04:00:00.000Z
CaseCS,Congenital syphilis number of reported cases,numeric,SEAR,South-East Asia,Country,LKA,Sri Lanka,Year,2014,false,,,,,,,,,,GARPR,GARPR,,8,,,,,,8,,Source: Quarterly return of the STD clinic. Data are representative.,EN,2022-08-17T04:00:00.000Z
CaseCS,Congenital syphilis number of reported cases,numeric,WPR,Western Pacific,Country,CHN,China,Year,2014,false,,,,,,,,,,GARPR,GARPR,,9252,,,,,,9252,,Source: China Information System For Diseases Control and Prevention.                           Comments: No data for stillbirth cases. Data are representative.,EN,2022-08-17T04:00:00.000Z
CaseCS,Congenital syphilis number of reported cases,numeric,AMR,Americas,Country,CRI,Costa Rica,Year,2014,false,,,,,,,,,,GARPR,GARPR,,96,,,,,,96,,Source: National case reporting.  Data are representative.,EN,2022-08-17T04:00:00.000Z
CaseCS,Congenital syphilis number of reported cases,numeric,AMR,Americas,Country,URY,Uruguay,Year,2014,false,,,,,,,,,,GARPR,GARPR,,97,,,,,,97,,Data collection period: 01/01/2013 to 31/12/2013.              Source: National audit.  Data are representative.,EN,2022-08-17T04:00:00.000Z
CaseCS,Congenital syphilis number of reported cases,numeric,EUR,Europe,Country,ARM,Armenia,Year,2013,false,,,,,,,,,,GARPR,GARPR,,0,,,,,,0,,,EN,2022-08-17T04:00:00.000Z
CaseCS,Congenital syphilis number of reported cases,numeric,WPR,Western Pacific,Country,AUS,Australia,Year,2013,false,,,,,,,,,,GARPR,GARPR,,0,,,,,,0,,,EN,2022-08-17T04:00:00.000Z
CaseCS,Congenital syphilis number of reported cases,numeric,AMR,Americas,Country,BHS,Bahamas,Year,2013,false,,,,,,,,,,GARPR,GARPR,,0,,,,,,0,,,EN,2022-08-17T04:00:00.000Z
CaseCS,Congenital syphilis number of reported cases,numeric,AMR,Americas,Country,BRB,Barbados,Year,2013,false,,,,,,,,,,GARPR,GARPR,,0,,,,,,0,,"Source: ANC Clinic, 2013. Data are not representative.",EN,2022-08-17T04:00:00.000Z
CaseCS,Congenital syphilis number of reported cases,numeric,EUR,Europe,Country,BLR,Belarus,Year,2013,false,,,,,,,,,,GARPR,GARPR,,0,,,,,,0,,,EN,2022-08-17T04:00:00.000Z
CaseCS,Congenital syphilis number of reported cases,numeric,AMR,Americas,Country,BLZ,Belize,Year,2013,true,,,,,,,,,,GARPR,GARPR,,0,,,,,,0,,Source: National case reporting. Data are representative.,EN,2022-08-17T04:00:00.000Z
CaseCS,Congenital syphilis number of reported cases,numeric,AMR,Americas,Country,DMA,Dominica,Year,2013,false,,,,,,,,,,GARPR,GARPR,,0,,,,,,0,,Source: Sentinel case reporting; Community Health Nurses Report. Data are representative.,EN,2022-08-17T04:00:00.000Z
CaseCS,Congenital syphilis number of reported cases,numeric,AMR,Americas,Country,GUY,Guyana,Year,2013,true,,,,,,,,,,GARPR,GARPR,,0,,,,,,0,,Source: National case reporting. Data are representative.,EN,2022-08-17T04:00:00.000Z
CaseCS,Congenital syphilis number of reported cases,numeric,AFR,Africa,Country,MUS,Mauritius,Year,2013,false,,,,,,,,,,GARPR,GARPR,,0,,,,,,0,,,EN,2022-08-17T04:00:00.000Z
CaseCS,Congenital syphilis number of reported cases,numeric,EMR,Eastern Mediterranean,Country,OMN,Oman,Year,2013,false,,,,,,,,,,GARPR,GARPR,,0,,,,,,0,,,EN,2022-08-17T04:00:00.000Z
CaseCS,Congenital syphilis number of reported cases,numeric,EMR,Eastern Mediterranean,Country,SAU,Saudi Arabia,Year,2013,false,,,,,,,,,,GARPR,GARPR,,0,,,,,,0,,,EN,2022-08-17T04:00:00.000Z
CaseCS,Congenital syphilis number of reported cases,numeric,AFR,Africa,Country,SYC,Seychelles,Year,2013,false,,,,,,,,,,GARPR,GARPR,,0,,,,,,0,,,EN,2022-08-17T04:00:00.000Z
CaseCS,Congenital syphilis number of reported cases,numeric,WPR,Western Pacific,Country,TUV,Tuvalu,Year,2013,true,,,,,,,,,,GARPR,GARPR,,0,,,,,,0,,Source: National case reporting. Data are representative.,EN,2022-08-17T04:00:00.000Z
CaseCS,Congenital syphilis number of reported cases,numeric,AFR,Africa,Country,GAB,Gabon,Year,2013,false,,,,,,,,,,GARPR,GARPR,,1,,,,,,1,,,EN,2022-08-17T04:00:00.000Z
CaseCS,Congenital syphilis number of reported cases,numeric,WPR,Western Pacific,Country,NRU,Nauru,Year,2013,false,,,,,,,,,,GARPR,GARPR,,1,,,,,,1,,,EN,2022-08-17T04:00:00.000Z
CaseCS,Congenital syphilis number of reported cases,numeric,AMR,Americas,Country,NIC,Nicaragua,Year,2013,false,,,,,,,,,,GARPR,GARPR,,1,,,,,,1,,,EN,2022-08-17T04:00:00.000Z
CaseCS,Congenital syphilis number of reported cases,numeric,EUR,Europe,Country,TJK,Tajikistan,Year,2013,false,,,,,,,,,,GARPR,GARPR,,1,,,,,,1,,,EN,2022-08-17T04:00:00.000Z
CaseCS,Congenital syphilis number of reported cases,numeric,SEAR,South-East Asia,Country,LKA,Sri Lanka,Year,2013,false,,,,,,,,,,GARPR,GARPR,,10,,,,,,10,,,EN,2022-08-17T04:00:00.000Z
CaseCS,Congenital syphilis number of reported cases,numeric,AMR,Americas,Country,BRA,Brazil,Year,2013,false,,,,,,,,,,GARPR,GARPR,,11316,,,,,,11 316,,,EN,2022-08-17T04:00:00.000Z
CaseCS,Congenital syphilis number of reported cases,numeric,AMR,Americas,Country,PAN,Panama,Year,2013,false,,,,,,,,,,GARPR,GARPR,,113,,,,,,113,,,EN,2022-08-17T04:00:00.000Z
CaseCS,Congenital syphilis number of reported cases,numeric,AMR,Americas,Country,DOM,Dominican Republic,Year,2013,false,,,,,,,,,,GARPR,GARPR,,16,,,,,,16,,"Source: National case reporting; National Epidemiological Surveillance System, 2013.  Basic Health Indicators Report RD, 2013. (Original: Sistema Nacional de Vigilancia Epidemiologica, 2013. Denominador Informe Indicadores Basicos de Salud RD, 2013).   Data are representative.",EN,2022-08-17T04:00:00.000Z
CaseCS,Congenital syphilis number of reported cases,numeric,EUR,Europe,Country,KAZ,Kazakhstan,Year,2013,false,,,,,,,,,,GARPR,GARPR,,17,,,,,,17,,"Source: Medical form No.9 (annual), designed for the collection of administrative data. Order of the Ministry of Health of the Republic of Kazakhstan from 12.09.2011 No.616 and the act of birth of the case of congenital syphilis. Information is collected from all regions of the Republic of Kazakhstan in the organizational and methodical department of the Scientific Research Institute of Dermatology and Vnerologichesky (electronic version + paper mail). Data are representative.",EN,2022-08-17T04:00:00.000Z
CaseCS,Congenital syphilis number of reported cases,numeric,EUR,Europe,Country,KGZ,Kyrgyzstan,Year,2013,false,,,,,,,,,,GARPR,GARPR,,17,,,,,,17,,,EN,2022-08-17T04:00:00.000Z
CaseCS,Congenital syphilis number of reported cases,numeric,AMR,Americas,Country,COL,Colombia,Year,2013,false,,,,,,,,,,GARPR,GARPR,,1912,,,,,,1912,,,EN,2022-08-17T04:00:00.000Z
CaseCS,Congenital syphilis number of reported cases,numeric,EUR,Europe,Country,ALB,Albania,Year,2013,false,,,,,,,,,,GARPR,GARPR,,2,,,,,,2,,,EN,2022-08-17T04:00:00.000Z
CaseCS,Congenital syphilis number of reported cases,numeric,WPR,Western Pacific,Country,MNG,Mongolia,Year,2013,false,,,,,,,,,,GARPR,GARPR,,23,,,,,,23,,,EN,2022-08-17T04:00:00.000Z
CaseCS,Congenital syphilis number of reported cases,numeric,AMR,Americas,Country,HND,Honduras,Year,2013,false,,,,,,,,,,GARPR,GARPR,,26,,,,,,26,,Data do not include stillbirths. Spanish translation: Los datos no incluyen mortinatos.,EN,2022-08-17T04:00:00.000Z
CaseCS,Congenital syphilis number of reported cases,numeric,WPR,Western Pacific,Country,FJI,Fiji,Year,2013,false,,,,,,,,,,GARPR,GARPR,,28,,,,,,28,,,EN,2022-08-17T04:00:00.000Z
CaseCS,Congenital syphilis number of reported cases,numeric,AMR,Americas,Country,VEN,Venezuela (Bolivarian Republic of),Year,2013,false,,,,,,,,,,GARPR,GARPR,,28,,,,,,28,,Source: National case reporting. Data are representative.,EN,2022-08-17T04:00:00.000Z
CaseCS,Congenital syphilis number of reported cases,numeric,AMR,Americas,Country,CUB,Cuba,Year,2013,false,,,,,,,,,,GARPR,GARPR,,3,,,,,,3,,,EN,2022-08-17T04:00:00.000Z
CaseCS,Congenital syphilis number of reported cases,numeric,WPR,Western Pacific,Country,MYS,Malaysia,Year,2013,false,,,,,,,,,,GARPR,GARPR,,4,,,,,,4,,,EN,2022-08-17T04:00:00.000Z
CaseCS,Congenital syphilis number of reported cases,numeric,EMR,Eastern Mediterranean,Country,ARE,United Arab Emirates,Year,2013,false,,,,,,,,,,GARPR,GARPR,,4,,,,,,4,,,EN,2022-08-17T04:00:00.000Z
CaseCS,Congenital syphilis number of reported cases,numeric,AMR,Americas,Country,CHL,Chile,Year,2013,false,,,,,,,,,,GARPR,GARPR,,55,,,,,,55,,,EN,2022-08-17T04:00:00.000Z
CaseCS,Congenital syphilis number of reported cases,numeric,AMR,Americas,Country,SLV,El Salvador,Year,2013,false,,,,,,,,,,GARPR,GARPR,,6,,,,,,6,,,EN,2022-08-17T04:00:00.000Z
CaseCS,Congenital syphilis number of reported cases,numeric,AFR,Africa,Country,MOZ,Mozambique,Year,2013,false,,,,,,,,,,GARPR,GARPR,,644,,,,,,644,,,EN,2022-08-17T04:00:00.000Z
CaseCS,Congenital syphilis number of reported cases,numeric,AMR,Americas,Country,ARG,Argentina,Year,2013,false,,,,,,,,,,GARPR,GARPR,,731,,,,,,731,,,EN,2022-08-17T04:00:00.000Z
CaseCS,Congenital syphilis number of reported cases,numeric,AMR,Americas,Country,URY,Uruguay,Year,2013,false,,,,,,,,,,GARPR,GARPR,,76,,,,,,76,,,EN,2022-08-17T04:00:00.000Z
CaseCS,Congenital syphilis number of reported cases,numeric,AMR,Americas,Country,CRI,Costa Rica,Year,2013,false,,,,,,,,,,GARPR,GARPR,,83,,,,,,83,,,EN,2022-08-17T04:00:00.000Z
CaseCS,Congenital syphilis number of reported cases,numeric,AMR,Americas,Country,MEX,Mexico,Year,2013,false,,,,,,,,,,GARPR,GARPR,,85,,,,,,85,,,EN,2022-08-17T04:00:00.000Z
CaseCS,Congenital syphilis number of reported cases,numeric,AMR,Americas,Country,GRD,Grenada,Year,2013,false,,,,,,,,,,GARPR,GARPR,,9,,,,,,9,,Source: National case reporting; Laboratory records.  Data are representative.,EN,2022-08-17T04:00:00.000Z
CaseCS,Congenital syphilis number of reported cases,numeric,WPR,Western Pacific,Country,FSM,Micronesia (Federated States of),Year,2013,true,,,,,,,,,,GARPR,GARPR,,9,,,,,,9,,Source: FSM STD Quarterly Report. Data are representative.,EN,2022-08-17T04:00:00.000Z
CaseCS,Congenital syphilis number of reported cases,numeric,EUR,Europe,Country,MDA,Republic of Moldova,Year,2013,false,,,,,,,,,,GARPR,GARPR,,9,,,,,,9,,,EN,2022-08-17T04:00:00.000Z
CaseCS,Congenital syphilis number of reported cases,numeric,AMR,Americas,Country,ATG,Antigua and Barbuda,Year,2012,false,,,,,,,,,,GARPR,GARPR,,0,,,,,,0,,All data is based on STI clinic reports,EN,2022-08-17T04:00:00.000Z
CaseCS,Congenital syphilis number of reported cases,numeric,EUR,Europe,Country,HRV,Croatia,Year,2012,true,,,,,,,,,,ECDC,ECDC,,0,,,,,,0,,,EN,2022-08-17T04:00:00.000Z
CaseCS,Congenital syphilis number of reported cases,numeric,EUR,Europe,Country,CYP,Cyprus,Year,2012,true,,,,,,,,,,ECDC,ECDC,,0,,,,,,0,,,EN,2022-08-17T04:00:00.000Z
CaseCS,Congenital syphilis number of reported cases,numeric,EUR,Europe,Country,EST,Estonia,Year,2012,true,,,,,,,,,,ECDC,ECDC,,0,,,,,,0,,,EN,2022-08-17T04:00:00.000Z
CaseCS,Congenital syphilis number of reported cases,numeric,EUR,Europe,Country,GRC,Greece,Year,2012,true,,,,,,,,,,ECDC,ECDC,,0,,,,,,0,,,EN,2022-08-17T04:00:00.000Z
CaseCS,Congenital syphilis number of reported cases,numeric,EUR,Europe,Country,HUN,Hungary,Year,2012,true,,,,,,,,,,ECDC,ECDC,,0,,,,,,0,,,EN,2022-08-17T04:00:00.000Z
CaseCS,Congenital syphilis number of reported cases,numeric,EUR,Europe,Country,IRL,Ireland,Year,2012,true,,,,,,,,,,ECDC,ECDC,,0,,,,,,0,,,EN,2022-08-17T04:00:00.000Z
CaseCS,Congenital syphilis number of reported cases,numeric,EUR,Europe,Country,LUX,Luxembourg,Year,2012,true,,,,,,,,,,ECDC,ECDC,,0,,,,,,0,,,EN,2022-08-17T04:00:00.000Z
CaseCS,Congenital syphilis number of reported cases,numeric,EUR,Europe,Country,MLT,Malta,Year,2012,true,,,,,,,,,,ECDC,ECDC,,0,,,,,,0,,,EN,2022-08-17T04:00:00.000Z
CaseCS,Congenital syphilis number of reported cases,numeric,EUR,Europe,Country,NOR,Norway,Year,2012,true,,,,,,,,,,ECDC,ECDC,,0,,,,,,0,,,EN,2022-08-17T04:00:00.000Z
CaseCS,Congenital syphilis number of reported cases,numeric,AMR,Americas,Country,VCT,Saint Vincent and the Grenadines,Year,2012,false,,,,,,,,,,GARPR,GARPR,,0,,,,,,0,,,EN,2022-08-17T04:00:00.000Z
CaseCS,Congenital syphilis number of reported cases,numeric,EUR,Europe,Country,SVK,Slovakia,Year,2012,true,,,,,,,,,,ECDC,ECDC,,0,,,,,,0,,,EN,2022-08-17T04:00:00.000Z
CaseCS,Congenital syphilis number of reported cases,numeric,EUR,Europe,Country,SVN,Slovenia,Year,2012,true,,,,,,,,,,ECDC,ECDC,,0,,,,,,0,,,EN,2022-08-17T04:00:00.000Z
CaseCS,Congenital syphilis number of reported cases,numeric,EUR,Europe,Country,GBR,United Kingdom of Great Britain and Northern Ireland,Year,2012,true,,,,,,,,,,ECDC,ECDC,,0,,,,,,0,,,EN,2022-08-17T04:00:00.000Z
CaseCS,Congenital syphilis number of reported cases,numeric,EUR,Europe,Country,CZE,Czechia,Year,2012,false,,,,,,,,,,ECDC,ECDC,,1,,,,,,1,,,EN,2022-08-17T04:00:00.000Z
CaseCS,Congenital syphilis number of reported cases,numeric,EUR,Europe,Country,LVA,Latvia,Year,2012,true,,,,,,,,,,ECDC,ECDC,,1,,,,,,1,,,EN,2022-08-17T04:00:00.000Z
CaseCS,Congenital syphilis number of reported cases,numeric,EUR,Europe,Country,LTU,Lithuania,Year,2012,false,,,,,,,,,,ECDC,ECDC,,1,,,,,,1,,,EN,2022-08-17T04:00:00.000Z
CaseCS,Congenital syphilis number of reported cases,numeric,EUR,Europe,Country,ESP,Spain,Year,2012,true,,,,,,,,,,ECDC,ECDC,,1,,,,,,1,,,EN,2022-08-17T04:00:00.000Z
CaseCS,Congenital syphilis number of reported cases,numeric,EUR,Europe,Country,SWE,Sweden,Year,2012,true,,,,,,,,,,ECDC,ECDC,,1,,,,,,1,,,EN,2022-08-17T04:00:00.000Z
CaseCS,Congenital syphilis number of reported cases,numeric,AMR,Americas,Country,GTM,Guatemala,Year,2012,false,,,,,,,,,,GARPR,GARPR,,12,,,,,,12,,,EN,2022-08-17T04:00:00.000Z
CaseCS,Congenital syphilis number of reported cases,numeric,EUR,Europe,Country,PRT,Portugal,Year,2012,true,,,,,,,,,,ECDC,ECDC,,12,,,,,,12,,,EN,2022-08-17T04:00:00.000Z
CaseCS,Congenital syphilis number of reported cases,numeric,EUR,Europe,Country,BGR,Bulgaria,Year,2012,true,,,,,,,,,,ECDC,ECDC,,29,,,,,,29,,,EN,2022-08-17T04:00:00.000Z
CaseCS,Congenital syphilis number of reported cases,numeric,EUR,Europe,Country,ITA,Italy,Year,2012,true,,,,,,,,,,ECDC,ECDC,,3,,,,,,3,,,EN,2022-08-17T04:00:00.000Z
CaseCS,Congenital syphilis number of reported cases,numeric,EUR,Europe,Country,POL,Poland,Year,2012,true,,,,,,,,,,ECDC,ECDC,,32,,,,,,32,,,EN,2022-08-17T04:00:00.000Z
CaseCS,Congenital syphilis number of reported cases,numeric,EUR,Europe,Country,DEU,Germany,Year,2012,false,,,,,,,,,,ECDC,ECDC,,4,,,,,,4,,,EN,2022-08-17T04:00:00.000Z
CaseCS,Congenital syphilis number of reported cases,numeric,EMR,Eastern Mediterranean,Country,BHR,Bahrain,Year,2012,false,,,,,,,,,,GARPR,GARPR,,5,,,,,,5,,,EN,2022-08-17T04:00:00.000Z
CaseCS,Congenital syphilis number of reported cases,numeric,EUR,Europe,Country,ROU,Romania,Year,2012,false,,,,,,,,,,ECDC,ECDC,,6,,,,,,6,,,EN,2022-08-17T04:00:00.000Z
CaseCS,Congenital syphilis number of reported cases,numeric,AMR,Americas,Country,BOL,Bolivia (Plurinational State of),Year,2011,false,,,,,,,,,,GARPR,GARPR,,15,,,,,,15,,"The report presented corresponds to a surveillance study (baseline) made?in the year 2011, in five major reference maternal and child hospitals in regions of the country including a capital city with high concentration of rural population. The study was conducted on 6,200 women expecting and in labor. In this study a total of 15 children born with syphilis was found.  Spanish translation: El reporte presentado corresponde a un estudio de vigilancia (linea de base) realizado en el ano 2011, en cinco hospitales materno infantiles de mayor referencia en el pais de los despartamentos del eje troncal incluida una ciudad capital con alta concentracion de poblacion rural. El estudio fue realizado en 6.200 mujeres parturientes y puereras. En este estudio se encontro un total de 15 ninos nacidos con sifilis",EN,2022-08-17T04:00:00.000Z
CaseCS,Congenital syphilis number of reported cases,numeric,EMR,Eastern Mediterranean,Country,ARE,United Arab Emirates,Year,2011,false,,,,,,,,,,GARPR,GARPR,,2,,,,,,2,,"Data from MoH, Health Authority of Abu Dhabi (HAAD) and Medical Services Corps (MSC)",EN,2022-08-17T04:00:00.000Z
CaseCS,Congenital syphilis number of reported cases,numeric,EUR,Europe,Country,ISL,Iceland,Year,2010,false,,,,,,,,,,ECDC,ECDC,,0,,,,,,0,,,EN,2022-08-17T04:00:00.000Z
CaseCS,Congenital syphilis number of reported cases,numeric,EUR,Europe,Country,DNK,Denmark,Year,2008,true,,,,,,,,,,ECDC,ECDC,,0,,,,,,0,,,EN,2022-08-17T04:00:00.000Z
